{"stats":{"minecraft:custom":{"minecraft:jump":57,"minecraft:time_since_rest":3466,"minecraft:damage_taken":50,"minecraft:leave_game":2,"minecraft:play_time":3466,"minecraft:sprint_one_cm":6750,"minecraft:time_since_death":3466,"minecraft:walk_on_water_one_cm":2063,"minecraft:walk_one_cm":3849,"minecraft:sneak_time":11,"minecraft:total_world_time":3466,"minecraft:walk_under_water_one_cm":343,"minecraft:swim_one_cm":6088,"minecraft:fall_one_cm":1393,"minecraft:fly_one_cm":9427}},"DataVersion":3465}