{"stats":{"minecraft:mined":{"minecraft:magma_block":1,"minecraft:white_bed":1,"minecraft:furnace":1,"minecraft:dark_oak_leaves":5,"minecraft:birch_log":5,"minecraft:dark_oak_log":8,"minecraft:andesite":2,"minecraft:crafting_table":4,"minecraft:grass":1,"minecraft:grass_block":5,"minecraft:chest":1,"minecraft:sand":37,"minecraft:dirt":17,"minecraft:stone":16},"minecraft:picked_up":{"minecraft:birch_log":7,"born_in_chaos_v1:corpse_maggot":1,"minecraft:dark_oak_sapling":1,"minecraft:magma_block":1,"minecraft:crafting_table":4,"minecraft:andesite":1,"minecraft:leather":5,"minecraft:sand":37,"minecraft:white_bed":1,"minecraft:dark_oak_log":7,"minecraft:dirt":19,"minecraft:rotten_flesh":3,"minecraft:beef":6,"supplementaries:ash":1,"minecraft:chest":1,"minecraft:mutton":5,"minecraft:furnace":1,"minecraft:white_wool":3,"minecraft:cobblestone":16,"minecraft:egg":3},"minecraft:crafted":{"minecraft:cooked_beef":6,"minecraft:wooden_shovel":1,"minecraft:crafting_table":1,"minecraft:stick":12,"minecraft:birch_boat":1,"minecraft:wooden_pickaxe":1,"minecraft:stone_pickaxe":1,"minecraft:wooden_axe":1,"minecraft:stone_sword":1,"minecraft:furnace":1,"minecraft:white_bed":1,"minecraft:dark_oak_planks":28,"minecraft:birch_planks":8,"minecraft:stone_axe":1,"minecraft:air":0},"minecraft:killed":{"minecraft:sheep":3,"minecraft:cow":3},"minecraft:used":{"minecraft:wooden_axe":31,"minecraft:stone_sword":2,"minecraft:stone_pickaxe":2,"minecraft:birch_boat":1,"minecraft:wooden_pickaxe":21,"minecraft:wooden_shovel":47,"minecraft:stone_axe":4,"minecraft:sand":21,"minecraft:crafting_table":4,"minecraft:furnace":1,"minecraft:white_bed":1,"alexsmobs:animal_dictionary":1,"minecraft:egg":3,"minecraft:cooked_beef":2},"minecraft:custom":{"minecraft:time_since_rest":3694,"minecraft:interact_with_furnace":8,"minecraft:sprint_one_cm":30594,"minecraft:damage_taken":250,"minecraft:walk_one_cm":103125,"minecraft:mob_kills":8,"minecraft:damage_dealt":914,"minecraft:interact_with_crafting_table":11,"minecraft:swim_one_cm":6088,"minecraft:fly_one_cm":34059,"minecraft:open_chest":3,"minecraft:crouch_one_cm":1801,"minecraft:play_time":26788,"minecraft:sneak_time":984,"minecraft:walk_under_water_one_cm":9092,"minecraft:boat_one_cm":78030,"minecraft:jump":267,"minecraft:leave_game":2,"minecraft:time_since_death":26788,"minecraft:walk_on_water_one_cm":6322,"minecraft:sleep_in_bed":1,"minecraft:total_world_time":26788,"minecraft:fall_one_cm":5315}},"DataVersion":3465}