{"stats":{"minecraft:mined":{"minecraft:dark_oak_leaves":5,"minecraft:birch_log":5,"minecraft:dark_oak_log":8,"minecraft:andesite":2,"minecraft:crafting_table":1,"minecraft:grass":1,"minecraft:grass_block":2,"minecraft:dirt":10},"minecraft:crafted":{"minecraft:crafting_table":1,"minecraft:stick":8,"minecraft:wooden_pickaxe":1,"minecraft:wooden_axe":1,"minecraft:dark_oak_planks":28},"minecraft:picked_up":{"minecraft:birch_log":5,"born_in_chaos_v1:corpse_maggot":1,"minecraft:dark_oak_sapling":1,"minecraft:crafting_table":1,"minecraft:andesite":1,"minecraft:leather":5,"minecraft:dark_oak_log":7,"minecraft:dirt":9,"minecraft:rotten_flesh":3,"minecraft:beef":6,"supplementaries:ash":1,"minecraft:mutton":5,"minecraft:white_wool":3},"minecraft:killed":{"minecraft:sheep":3,"minecraft:cow":3},"minecraft:used":{"minecraft:wooden_axe":31,"minecraft:wooden_pickaxe":5,"minecraft:crafting_table":1,"alexsmobs:animal_dictionary":1},"minecraft:custom":{"minecraft:time_since_rest":14788,"minecraft:sprint_one_cm":22312,"minecraft:damage_taken":80,"minecraft:walk_one_cm":55701,"minecraft:mob_kills":8,"minecraft:damage_dealt":890,"minecraft:interact_with_crafting_table":5,"minecraft:swim_one_cm":6088,"minecraft:fly_one_cm":22802,"minecraft:crouch_one_cm":748,"minecraft:play_time":14788,"minecraft:sneak_time":412,"minecraft:walk_under_water_one_cm":3811,"minecraft:jump":156,"minecraft:leave_game":2,"minecraft:time_since_death":14788,"minecraft:walk_on_water_one_cm":2136,"minecraft:total_world_time":14788,"minecraft:fall_one_cm":4897}},"DataVersion":3465}